ID,PValue,logFC
hsa-miR-93-5p,0.00000091,2.90565
hsa-miR-585-3p,0.00045823,-1.95889
hsa-miR-515-5p,0.0010083,-2.77686
hsa-miR-520f-3p,0.00116062,-1.20301
hsa-miR-19a-3p,0.00137104,2.07087
hsa-miR-301b-3p,0.00139137,-1.87384
ath-miR159a,0.00382603,-0.73127
hsa-miR-553,0.00385272,-1.62757
hsa-miR-146b-3p,0.00385485,-1.31882
hsa-miR-197-3p,0.00448634,1.55211
hsa-miR-4455,0.00494459,-0.67419
hsa-miR-29a-3p,0.00527094,-0.68791
hsa-miR-133a-5p,0.00638883,-1.89293
hsa-miR-1827,0.00775361,-1.58294
hsa-miR-522-3p,0.00967279,-1.23782
hsa-miR-24-3p,0.00979662,1.54903
hsa-miR-499a-5p,0.01066633,-2.40402
hsa-miR-20a-5p+hsa-miR-20b-5p,0.01194184,1.41764
hsa-miR-548z+hsa-miR-548h-3p,0.01223586,-0.65536
hsa-miR-2110,0.01256997,-1.05584
hsa-miR-302a-3p,0.01294212,-1.63133
hsa-miR-206,0.01299228,-1.03245
hsa-miR-1268b,0.01348635,-1.0919
hsa-miR-98-5p,0.01563358,1.13338
hsa-miR-147b,0.01685353,-1.43061
hsa-miR-548e-3p,0.01743701,-1.09267
hsa-miR-15a-5p,0.0181827,1.41534
hsa-miR-511-5p,0.01875053,-2.06712
hsa-miR-328-5p,0.01896455,-1.42369
hsa-miR-105-5p,0.01904309,-0.67503
hsa-miR-450a-2-3p,0.0205258,-1.28794
hsa-miR-183-5p,0.02054332,-1.71638
hsa-miR-548y,0.02166722,-1.31509
hsa-miR-106a-5p+hsa-miR-17-5p,0.0220119,1.59393
hsa-miR-378d,0.02215252,-1.11917
hsa-miR-1290,0.02218764,-0.64079
hsa-miR-19b-3p,0.02266667,1.74247
hsa-miR-98-3p,0.02267729,-0.47327
hsa-miR-323a-3p,0.02426545,1.12082
hsa-miR-1255a,0.02445696,-1.54932
hsa-miR-208b-3p,0.02506233,-0.86696
hsa-miR-549a,0.02577498,-0.56272
hsa-miR-495-3p,0.02654098,-0.79276
hsa-miR-487b-3p,0.02705695,-0.53694
hsa-miR-187-3p,0.02725754,-0.57534
hsa-miR-613,0.02837631,-0.50355
hsa-miR-494-5p,0.02840842,-0.45262
hsa-miR-299-5p,0.02987815,-0.82466
hsa-miR-1976,0.03069766,-0.83883
hsa-miR-508-3p,0.03153806,-0.874
hsa-miR-1302,0.03158951,-0.88058
hsa-miR-326,0.03209828,-0.43237
hsa-miR-15b-5p,0.03335314,0.78113
hsa-miR-769-3p,0.03414403,-1.00445
hsa-miR-514b-5p,0.03445239,-1.17719
hsa-miR-198,0.03557377,-0.52198
hsa-miR-766-5p,0.03899448,-0.65877
hsa-miR-345-3p,0.03909291,-0.96335
hsa-miR-223-3p,0.04099947,0.85646
hsa-miR-146a-5p,0.04108459,0.98554
hsa-miR-221-3p,0.0418784,1.30556
hsa-miR-374c-5p,0.0426433,-1.14178
hsa-miR-4647,0.04285844,-1.13375
hsa-miR-363-5p,0.04311761,-1.01179
hsa-miR-122-5p,0.04460963,-0.4703
hsa-miR-449b-5p,0.04511159,-0.99384
hsa-miR-922,0.04550012,-0.95547
hsa-miR-891a-5p,0.04565602,-1.16468
hsa-miR-130a-3p,0.04645647,1.53691
hsa-miR-874-5p,0.04686464,0.81761
hsa-miR-520a-5p,0.04794154,-1.3036
hsa-miR-615-3p,0.04825072,-0.44083
hsa-miR-181a-3p,0.04925265,-0.65109
hsa-miR-944,0.0501091,-0.90061
hsa-miR-1469,0.05118658,-0.32764
hsa-miR-6720-3p,0.05137222,-0.35434
hsa-miR-142-5p,0.05212082,-1.06573
hsa-miR-374b-5p,0.05352452,1.18755
hsa-miR-4536-3p,0.05383326,-0.37228
hsa-miR-1200,0.05402858,-0.81702
LIG_NEG_B,0.05415104,0.82336
hsa-miR-126-3p,0.05487577,0.63791
hsa-miR-615-5p,0.05590745,-0.32017
hsa-miR-648,0.05590745,-0.32017
hsa-miR-2113,0.05633056,-0.32894
hsa-miR-3136-5p,0.05704413,0.9541
hsa-miR-767-3p,0.0572275,-0.31958
hsa-miR-876-5p,0.05811672,-0.58295
hsa-miR-338-5p,0.05884587,-0.87908
hsa-miR-23a-3p,0.05916996,1.32226
hsa-miR-361-3p,0.0593743,-0.52219
hsa-miR-181a-5p,0.05955917,0.94437
hsa-miR-769-5p,0.05987317,-0.74702
hsa-miR-27b-3p,0.06053203,1.09705
hsa-miR-378i,0.06090992,-0.49853
hsa-miR-507,0.06229321,-0.62776
hsa-miR-23c,0.06429184,-0.80346
hsa-miR-487b-5p,0.06506928,-0.85766
hsa-miR-498,0.06679218,-0.61986
hsa-miR-3164,0.06708272,-0.87597
hsa-miR-143-3p,0.06762323,-0.4482
hsa-let-7g-5p,0.06777682,0.70591
hsa-miR-520a-3p,0.06990455,-0.30401
hsa-miR-369-5p,0.07126653,-0.62347
hsa-miR-181b-5p+hsa-miR-181d-5p,0.07287108,-0.67381
hsa-miR-1246,0.07331052,-0.54905
hsa-miR-26b-5p,0.07362308,0.96555
hsa-miR-543,0.07438249,-0.97341
hsa-miR-142-3p,0.07445309,0.51083
hsa-miR-211-3p,0.0765393,-0.30905
hsa-miR-22-3p,0.07937862,1.09101
hsa-miR-1301-3p,0.07941153,-0.45983
hsa-miR-1245b-5p,0.07975834,-0.93855
hsa-miR-532-3p,0.08024918,-0.29149
hsa-miR-203a-5p,0.0805895,-1.01455
hsa-miR-1973,0.08212181,-1.349
hsa-miR-582-3p,0.08233281,-0.83676
hsa-miR-5001-5p,0.08252404,-0.62771
hsa-miR-302a-5p,0.08439131,-1.1096
hsa-miR-513b-5p,0.08501346,-1.17041
hsa-miR-125a-5p,0.08688818,0.70826
hsa-miR-582-5p,0.08847679,0.86426
hsa-miR-151a-5p,0.08896088,0.68741
hsa-miR-342-5p,0.08977216,-0.26328
hsa-miR-924,0.08977216,-0.26328
hsa-miR-6721-5p,0.09040395,-0.53945
hsa-miR-3065-5p,0.0911301,-0.31369
hsa-miR-1178-3p,0.09118027,-0.31748
hsa-miR-134-5p+hsa-miR-6728-5p,0.09118027,-0.31748
hsa-miR-3074-3p,0.09118027,-0.31748
hsa-miR-3127-5p,0.09118027,-0.31748
hsa-miR-517b-3p,0.09118027,-0.31748
hsa-miR-874-3p,0.09118027,-0.31748
hsa-miR-517a-3p,0.09283632,0.78605
hsa-miR-421,0.09300048,0.80627
hsa-miR-1275,0.09362759,-0.7345
hsa-miR-4458,0.09508294,-0.2563
hsa-miR-545-3p,0.09715032,-0.41885
hsa-miR-452-5p,0.09867614,-0.25763
hsa-miR-204-5p,0.09876337,-0.31182
hsa-miR-1272,0.10016464,-0.79542
hsa-miR-641,0.10217939,-0.37666
hsa-miR-1306-3p,0.10239066,0.59804
hsa-miR-433-3p,0.10294596,-0.76395
hsa-miR-196a-5p,0.1034084,0.87153
hsa-miR-1909-3p,0.1042701,-0.43943
hsa-miR-3605-3p,0.10577106,-0.38434
hsa-miR-510-3p,0.10577106,-0.38434
hsa-miR-539-3p,0.10577106,-0.38434
hsa-miR-524-3p,0.10609285,-0.37089
hsa-miR-150-5p,0.10664886,0.81392
hsa-miR-493-3p,0.10668072,-0.59172
hsa-miR-450b-3p,0.10930196,-0.86425
hsa-miR-764,0.10940942,-0.50611
hsa-miR-548v,0.11071781,-0.74705
hsa-miR-548c-5p+hsa-miR-548o-5p+hsa-miR-548am-5p,0.11096033,-0.30182
GAPDH,0.11143924,-0.64878
hsa-miR-490-5p,0.11236197,-0.37868
hsa-miR-607,0.11279479,-0.78647
hsa-miR-33a-5p,0.11314192,-0.38779
hsa-miR-513a-3p,0.11330136,-0.98133
hsa-miR-18b-5p,0.11493889,-1.0022
hsa-miR-1185-1-3p,0.12042807,-0.24124
hsa-miR-1247-5p,0.12042807,-0.24124
hsa-miR-1252-5p,0.12042807,-0.24124
hsa-miR-1269b,0.12042807,-0.24124
hsa-miR-1271-5p,0.12042807,-0.24124
hsa-miR-1296-5p,0.12042807,-0.24124
hsa-miR-154-5p,0.12042807,-0.24124
hsa-miR-3151-5p,0.12042807,-0.24124
hsa-miR-323a-5p,0.12042807,-0.24124
hsa-miR-323b-5p,0.12042807,-0.24124
hsa-miR-376b-3p,0.12042807,-0.24124
hsa-miR-383-5p,0.12042807,-0.24124
hsa-miR-3916,0.12042807,-0.24124
hsa-miR-3918,0.12042807,-0.24124
hsa-miR-4431,0.12042807,-0.24124
hsa-miR-4448,0.12042807,-0.24124
hsa-miR-449a,0.12042807,-0.24124
hsa-miR-4524a-5p,0.12042807,-0.24124
hsa-miR-4792,0.12042807,-0.24124
hsa-miR-5001-3p,0.12042807,-0.24124
hsa-miR-510-5p,0.12042807,-0.24124
hsa-miR-512-3p,0.12042807,-0.24124
hsa-miR-513c-3p,0.12042807,-0.24124
hsa-miR-519b-3p,0.12042807,-0.24124
hsa-miR-548l,0.12042807,-0.24124
hsa-miR-548o-3p+hsa-miR-548ah-3p+hsa-miR-548av-3p,0.12042807,-0.24124
hsa-miR-550a-5p,0.12042807,-0.24124
hsa-miR-556-3p,0.12042807,-0.24124
hsa-miR-627-5p,0.12042807,-0.24124
hsa-miR-6503-3p,0.12042807,-0.24124
hsa-miR-6503-5p,0.12042807,-0.24124
hsa-miR-6511a-5p,0.12042807,-0.24124
hsa-miR-652-3p,0.12042807,-0.24124
hsa-miR-652-5p,0.12042807,-0.24124
hsa-miR-664b-5p,0.12042807,-0.24124
hsa-miR-708-5p,0.12042807,-0.24124
hsa-miR-758-5p,0.12042807,-0.24124
hsa-miR-892b,0.12042807,-0.24124
hsa-miR-940,0.12042807,-0.24124
hsa-miR-4707-3p,0.12111504,-0.42985
hsa-miR-106b-5p,0.12220443,0.82653
hsa-miR-548g-3p,0.12262626,-0.50229
hsa-miR-219a-1-3p,0.12313532,-0.23965
hsa-miR-448,0.12313618,-1.01416
hsa-miR-624-3p,0.12452207,-0.7574
hsa-miR-1288-3p,0.12838365,-0.36071
hsa-miR-4461,0.12875869,-0.23698
hsa-miR-3180-5p,0.1292769,-0.5098
hsa-miR-3168,0.12942439,-0.7851
hsa-miR-516b-5p,0.12947105,0.49066
hsa-miR-1253,0.12995785,-0.42384
hsa-miR-628-5p,0.13024147,-0.23698
hsa-miR-34b-3p,0.13102685,1.08882
hsa-miR-649,0.13104625,-0.62519
hsa-miR-208a-3p,0.13134086,-0.34273
hsa-miR-296-3p,0.13136578,-0.54321
hsa-miR-192-5p,0.13161255,-0.35846
hsa-miR-597-5p,0.13257126,-0.72793
hsa-miR-651-3p,0.13334817,-0.46462
hsa-miR-548k,0.13432427,-0.83445
hsa-miR-1245a,0.13608429,-0.35804
hsa-miR-323b-3p,0.13807901,-0.83416
hsa-miR-1228-3p,0.13830521,-0.60345
hsa-miR-2278,0.13839324,-0.33849
hsa-miR-936,0.14003856,-0.56876
hsa-miR-3140-3p,0.14073042,-0.46036
hsa-miR-297,0.14294644,-0.49243
hsa-miR-211-5p,0.1431994,-0.38308
hsa-miR-193a-5p+hsa-miR-193b-5p,0.14746707,-0.45216
hsa-miR-3147,0.14753293,-0.57886
hsa-miR-450a-1-3p,0.1476346,-0.49275
hsa-miR-152-5p,0.14851009,-0.22406
hsa-miR-574-5p,0.14860182,-0.37384
hsa-miR-181a-2-3p,0.15071978,-0.51574
hsa-miR-523-3p,0.15071978,-0.51574
hsa-miR-519b-5p+hsa-miR-519c-5p+hsa-miR-523-5p+hsa-miR-518e-5p+hsa-miR-522-5p+hsa-miR-519a-5p,0.15159547,-1.10215
hsa-miR-4286,0.15249572,-0.71954
hsa-miR-188-3p,0.15408922,-0.41837
hsa-miR-25-5p,0.15452433,-0.31039
hsa-miR-196a-3p,0.15534802,1.06057
hsa-miR-340-5p,0.15575938,1.13937
hsa-miR-324-3p,0.15782377,-0.90782
hsa-miR-563,0.16050756,-1.01643
hsa-miR-4425,0.16124815,-0.21761
hsa-miR-933,0.1614612,-0.44191
hsa-miR-1283,0.16424938,-0.30064
hsa-miR-495-5p,0.16844201,-0.812
hsa-miR-485-3p,0.16951606,-0.48288
hsa-miR-642a-3p,0.16957678,0.55834
hsa-miR-1245b-3p,0.17060802,-0.21494
hsa-miR-1249-3p,0.17060802,-0.21494
hsa-miR-135a-5p,0.17060802,-0.21494
hsa-miR-3179,0.17060802,-0.21494
hsa-miR-455-3p,0.17060802,-0.21494
hsa-miR-590-3p,0.17060802,-0.21494
hsa-miR-570-3p,0.1707364,-0.65822
hsa-miR-556-5p,0.17076607,-0.42048
hsa-miR-29b-3p,0.17102612,0.8942
hsa-miR-26a-5p,0.17189214,0.34528
hsa-miR-100-5p,0.17343712,0.91166
hsa-miR-1285-5p,0.17777238,-0.53335
hsa-miR-134-3p,0.18000549,-0.55191
hsa-miR-505-3p,0.18130824,-0.45415
hsa-miR-664a-3p,0.18570425,-0.7384
hsa-miR-129-5p,0.18736741,-0.63588
LIG_POS_A,0.19042144,0.14985
hsa-miR-384,0.19178178,-0.76363
hsa-miR-802,0.19180288,-0.63595
hsa-miR-3690,0.19194487,-0.70777
hsa-miR-378h,0.19233934,0.73041
hsa-miR-374a-5p,0.19235345,0.61863
hsa-miR-562,0.19854392,-0.3276
hsa-miR-208b-5p,0.20032223,-0.19795
hsa-miR-483-5p,0.20032223,-0.19795
hsa-miR-619-3p,0.20032223,-0.19795
hsa-miR-137,0.20037219,-0.42602
hsa-miR-630,0.20152524,0.68466
hsa-miR-365a-3p+hsa-miR-365b-3p,0.20173925,-0.90236
hsa-miR-548h-5p,0.20428862,-0.19636
hsa-miR-182-3p,0.20542771,-0.71702
hsa-miR-608,0.20699101,0.91604
hsa-miR-4454+hsa-miR-7975,0.21013328,-0.59566
hsa-miR-1281,0.21145676,-0.72273
hsa-miR-580-3p,0.21179921,-0.19368
hsa-miR-520d-5p+hsa-miR-527+hsa-miR-518a-5p,0.21347038,-0.39683
hsa-miR-3192-5p,0.21445176,-0.32368
hsa-miR-184,0.21569705,-0.35012
hsa-miR-765,0.21688225,-0.32369
hsa-miR-199a-3p+hsa-miR-199b-3p,0.21712506,0.46298
hsa-miR-612,0.21926939,-0.25286
hsa-miR-4536-5p,0.21979803,-0.29863
NEG_G,0.22012157,-0.29338
hsa-miR-1322,0.22013624,-0.35496
hsa-miR-412-3p,0.22107104,-0.7006
hsa-miR-203a-3p,0.22130405,-0.55616
hsa-miR-151b,0.22186936,-0.38215
hsa-miR-1257,0.22788192,0.93285
hsa-miR-4443,0.23027404,-0.42809
hsa-miR-627-3p,0.23029304,-0.53693
hsa-miR-519c-3p,0.23103769,-0.59664
hsa-miR-370-5p,0.23167549,-0.23499
hsa-miR-378e,0.23350802,-0.3097
hsa-miR-362-5p,0.23352018,-0.2648
hsa-miR-30b-5p,0.23430925,0.71944
hsa-miR-3613-5p,0.23462917,-0.61134
hsa-miR-526b-5p,0.23859086,-0.36218
hsa-miR-369-3p,0.24036639,-0.60704
hsa-miR-296-5p,0.242038,-0.3636
hsa-miR-329-5p,0.24270899,0.46581
hsa-miR-33b-5p,0.2470987,-0.30228
hsa-miR-138-5p,0.25470454,0.7671
hsa-miR-409-3p,0.25477154,0.31488
hsa-miR-298,0.25589009,-0.27304
hsa-miR-362-3p,0.25589009,-0.27304
hsa-miR-361-5p,0.25725656,0.59069
hsa-miR-1-5p,0.25982366,-0.34123
hsa-miR-185-5p,0.26132634,0.70622
hsa-miR-342-3p,0.26188272,0.94917
hsa-miR-1306-5p,0.26329944,-0.73017
LIG_POS_C,0.26604488,0.16038
hsa-miR-221-5p,0.26808221,-0.35132
hsa-miR-144-3p,0.26810106,0.45135
hsa-miR-2116-5p,0.2718698,-0.44455
hsa-miR-539-5p,0.27194899,-0.43843
hsa-miR-125a-3p,0.27440915,0.87243
hsa-miR-149-5p,0.27626189,-0.21382
hsa-miR-422a,0.27838812,0.80361
hsa-miR-1224-3p,0.28256682,-0.17424
hsa-miR-320d,0.28256682,-0.17424
hsa-miR-637,0.28256682,-0.17424
RPLP0,0.28256682,-0.17424
hsa-miR-1204,0.28256685,-0.4646
hsa-miR-572,0.28316865,-0.39531
hsa-miR-514b-3p,0.28364804,-0.16522
hsa-miR-432-5p,0.28435885,-0.45292
hsa-miR-300,0.28576716,-0.61368
hsa-miR-579-3p,0.28889171,-0.25187
hsa-miR-1908-3p,0.28968504,-0.52509
hsa-miR-508-5p,0.29125053,-0.40291
hsa-miR-145-5p,0.29338334,0.58274
hsa-miR-95-3p,0.29441237,-0.63694
hsa-miR-942-3p,0.29518507,0.40994
hsa-miR-5010-5p,0.29618765,-0.17628
hsa-miR-520b,0.29654061,-0.16997
LIG_NEG_A,0.29763487,0.44738
hsa-miR-16-5p,0.30047356,0.4322
hsa-miR-650,0.3021854,-0.31951
hsa-miR-942-5p,0.30221498,-0.41187
hsa-miR-520e,0.3026802,-0.30357
hsa-miR-1908-5p,0.30320478,-0.27414
hsa-miR-642a-5p,0.3069984,0.37224
hsa-miR-1910-3p,0.3106168,-0.54212
hsa-miR-504-5p,0.31169315,-0.49187
hsa-miR-744-5p,0.31348758,-0.48248
hsa-miR-3928-3p,0.31615677,0.74704
hsa-miR-514a-5p,0.31790845,-0.1845
hsa-miR-1249-5p,0.32234567,-0.29411
hsa-miR-325,0.32634564,0.71612
hsa-miR-496,0.3271502,0.59779
hsa-miR-671-3p,0.32854548,-0.35847
hsa-miR-600,0.32992185,-0.41398
hsa-miR-4516,0.33014867,-0.79588
hsa-miR-320b,0.33076303,-0.46794
hsa-miR-1185-2-3p,0.33104266,-0.72138
hsa-miR-548al,0.33316006,-0.36121
hsa-miR-124-3p,0.33438182,0.26768
hsa-miR-548m,0.33506511,-0.68547
hsa-miR-337-5p,0.33759613,-0.52849
hsa-let-7b-5p,0.33859392,0.31959
hsa-miR-525-3p,0.34050921,-0.15875
hsa-miR-509-5p,0.34137334,-0.41294
hsa-miR-1287-3p,0.34241347,0.82114
hsa-miR-370-3p,0.3434861,0.46321
hsa-miR-584-3p,0.34479067,0.41942
hsa-miR-4741,0.34512357,0.41036
hsa-miR-140-5p,0.34699185,-0.80385
hsa-miR-542-3p,0.34858295,-0.51064
hsa-miR-151a-3p,0.348635,-0.51913
hsa-miR-363-3p,0.35054367,-0.35463
hsa-miR-1248,0.35218159,-0.29391
cel-miR-248,0.35371181,-0.28812
hsa-miR-219a-5p,0.35545762,-0.42058
hsa-miR-939-5p,0.35611251,-0.30817
hsa-miR-219b-3p,0.35808557,-0.61837
hsa-miR-548d-5p,0.35860204,-0.15424
hsa-miR-664b-3p,0.35860204,-0.15424
hsa-miR-10a-5p,0.36018529,-0.40501
hsa-miR-202-3p,0.36449695,-0.25093
hsa-miR-4435,0.36495091,-0.42476
hsa-miR-573,0.3651253,-0.40055
hsa-miR-330-5p,0.36654162,-0.12924
hsa-miR-626,0.37003181,-0.70629
hsa-miR-191-5p,0.3705463,0.55143
hsa-miR-346,0.37054812,-0.6601
hsa-miR-1299,0.37402008,-0.36213
hsa-miR-598-3p,0.37513248,-0.41544
hsa-miR-571,0.37599342,-0.75534
hsa-miR-548ar-3p,0.37612041,-0.28181
hsa-miR-373-3p,0.37790362,0.59325
hsa-miR-579-5p,0.38298709,0.75614
hsa-miR-328-3p,0.3852503,0.31148
hsa-miR-3150b-3p,0.38577894,-0.24338
hsa-miR-324-5p,0.38803628,-0.63253
hsa-miR-617,0.38951554,-0.37174
hsa-miR-331-5p,0.39172933,0.28064
hsa-miR-1226-3p,0.39173583,-0.58986
hsa-miR-661,0.39345068,0.39205
hsa-miR-525-5p,0.39510098,-0.45145
hsa-miR-520g-3p,0.40069953,-0.67644
hsa-miR-27a-3p,0.40228443,-0.43574
hsa-miR-1185-5p,0.40281044,-0.40653
hsa-miR-577,0.40361665,-0.52652
LIG_POS_B,0.40748218,0.08945
hsa-miR-575,0.40853467,0.48652
hsa-miR-574-3p,0.41007999,-0.47041
hsa-miR-767-5p,0.41080967,-0.44762
hsa-miR-4787-3p,0.41100541,-0.36066
hsa-miR-605-5p,0.41205432,-0.13706
hsa-miR-3614-5p,0.41247852,-0.37803
hsa-miR-567,0.41414893,-0.44051
hsa-miR-3180,0.41511316,-0.61024
osa-miR442,0.416562,0.24387
hsa-miR-379-5p,0.41804047,0.63648
hsa-miR-1206,0.41817712,0.5994
hsa-miR-1286,0.4216774,-0.44073
hsa-miR-606,0.42624108,-0.26623
hsa-miR-885-5p,0.42694382,-0.3492
hsa-miR-766-3p,0.42699116,-0.35784
hsa-miR-1277-3p,0.42797797,-0.42827
hsa-miR-639,0.42848937,-0.30984
hsa-miR-4488,0.4286716,-0.31958
hsa-miR-301b-5p,0.42930103,-0.2065
hsa-miR-301a-5p,0.43005516,-0.39745
hsa-miR-155-5p,0.43344792,-0.19458
hsa-miR-1298-5p,0.43512585,-0.65088
hsa-miR-1255b-5p,0.43514603,-0.24965
hsa-miR-3065-3p,0.43517121,-0.13625
hsa-miR-892a,0.43517121,-0.13625
hsa-miR-128-3p,0.43579821,-0.22463
hsa-miR-937-3p,0.43604604,-0.44684
hsa-miR-629-5p,0.43940829,-0.48659
hsa-miR-610,0.44386864,0.38063
hsa-miR-1262,0.44538746,-0.43266
hsa-miR-182-5p,0.44950998,-0.30627
hsa-miR-3144-3p,0.45109871,-0.76134
hsa-miR-10b-5p,0.45301796,-0.53821
hsa-miR-3158-3p,0.45524089,-0.47301
hsa-miR-34c-5p,0.4580147,-0.29208
hsa-miR-887-5p,0.45879608,-0.19077
hsa-miR-30e-3p,0.4605999,-0.33688
hsa-miR-643,0.46369524,-0.12238
hsa-miR-224-5p,0.46401728,0.29467
hsa-miR-3140-5p,0.46415412,-0.18677
hsa-miR-299-3p,0.46418601,0.47224
hsa-miR-30e-5p,0.46493271,-0.29848
hsa-miR-30c-5p,0.47224158,0.60799
hsa-miR-455-5p,0.47393475,-0.15742
hsa-miR-497-5p,0.47405176,-0.37614
hsa-miR-589-5p,0.47576198,-0.58805
hsa-miR-199b-5p,0.47600777,-0.18301
hsa-miR-1234-3p,0.47703419,0.58244
hsa-miR-1264,0.47738464,0.34948
hsa-miR-518f-3p,0.47889033,-0.63956
hsa-miR-372-3p,0.47951442,0.67175
hsa-miR-186-5p,0.48032903,-0.51136
hsa-miR-378b,0.48077012,-0.40744
hsa-miR-210-3p,0.48161583,-0.35725
hsa-miR-532-5p,0.48432961,0.35328
hsa-miR-423-5p,0.48454048,-0.24293
hsa-miR-554,0.48807347,-0.13035
hsa-miR-215-5p,0.48812807,0.3966
hsa-miR-129-2-3p,0.4900172,0.49214
hsa-miR-3161,0.49035185,-0.38905
hsa-miR-601,0.49621395,0.4001
hsa-miR-320c,0.49652281,-0.15442
hsa-miR-620,0.49748781,0.51352
hsa-miR-548n,0.50019179,-0.42884
hsa-miR-196b-5p,0.50202798,0.3212
hsa-miR-566,0.51037771,0.43755
hsa-let-7e-5p,0.5117778,-0.37611
hsa-miR-593-3p,0.51244482,-0.51347
hsa-miR-491-3p,0.51623919,-0.31996
hsa-miR-876-3p,0.518167,0.22468
hsa-let-7d-5p,0.51918581,-0.29933
hsa-miR-663a,0.51966881,0.27557
hsa-miR-1197,0.52502176,-0.393
hsa-miR-2682-5p,0.52702022,0.26744
hsa-miR-616-3p,0.52792648,-0.5416
hsa-miR-1278,0.52866153,-0.12734
hsa-miR-133a-3p,0.52898368,0.15222
hsa-miR-193a-3p,0.52962873,0.52721
hsa-miR-561-3p,0.53167773,-0.25199
hsa-miR-3202,0.53216506,0.23694
hsa-miR-141-3p,0.53322273,0.52605
hsa-miR-1297,0.53506044,-0.29482
hsa-miR-1193,0.53558535,0.51196
hsa-miR-302d-3p,0.53637158,-0.2256
hsa-miR-1303,0.53866083,-0.1431
hsa-miR-30d-5p,0.5412738,0.37426
hsa-miR-429,0.54621659,-0.11179
hsa-miR-516a-5p,0.54621659,-0.11179
hsa-miR-518b,0.54758355,-0.30375
hsa-miR-1296-3p,0.54862098,-0.31591
hsa-miR-302e,0.55280033,0.50256
hsa-miR-28-3p,0.55380097,0.24765
hsa-miR-656-3p,0.55411106,0.33389
hsa-miR-651-5p,0.55531564,-0.31024
hsa-miR-1271-3p,0.55638289,-0.28442
hsa-miR-542-5p,0.55876891,0.47399
hsa-miR-152-3p,0.56343178,0.35501
NEG_F,0.56381775,-0.07655
POS_D,0.56479212,-0.11507
hsa-miR-146b-5p,0.56633073,-0.25615
hsa-miR-1254,0.57023355,-0.10659
hsa-miR-3185,0.57219742,-0.13008
hsa-miR-503-3p,0.57319425,-0.37109
hsa-miR-450b-5p,0.5734346,0.28782
hsa-miR-127-3p,0.57947402,-0.44871
hsa-miR-494-3p,0.58158983,-0.09731
hsa-miR-499b-3p,0.58234308,-0.41645
hsa-miR-125b-5p,0.58389588,0.17127
hsa-miR-302f,0.58420991,-0.44999
hsa-miR-515-3p,0.58453636,-0.5344
hsa-miR-548j-3p,0.58490978,0.19633
hsa-miR-29c-3p,0.58562882,0.20596
hsa-miR-197-5p,0.58806629,-0.25788
hsa-miR-578,0.58916512,0.16961
hsa-miR-665,0.58949842,-0.45389
LIG_NEG_C,0.59132897,0.56005
hsa-miR-216b-5p,0.59172557,0.31506
hsa-miR-377-3p,0.59503314,0.26899
hsa-miR-544a,0.59546506,-0.21485
hsa-miR-345-5p,0.59691998,0.15242
hsa-miR-376a-3p,0.59742805,-0.31584
hsa-miR-181d-3p,0.59782022,-0.15675
hsa-miR-181b-2-3p,0.5993584,0.49436
hsa-miR-376c-5p,0.60375501,-0.22617
hsa-miR-23b-3p,0.60464823,0.31179
hsa-miR-758-3p+hsa-miR-411-3p,0.60510287,0.38224
NEG_C,0.61048327,0.15716
hsa-miR-378f,0.61307455,-0.32807
hsa-miR-337-3p,0.61507111,-0.3274
hsa-miR-127-5p,0.62161437,-0.15512
hsa-miR-199a-5p,0.62342501,-0.1902
hsa-miR-382-3p,0.62385486,0.14848
hsa-miR-3180-3p,0.62469873,0.45564
hsa-miR-381-5p,0.6265681,-0.24823
hsa-miR-424-5p,0.62775899,-0.36101
hsa-miR-3131,0.62949451,-0.16631
hsa-miR-212-3p,0.63425551,-0.47617
hsa-miR-548a-5p,0.63435835,-0.323
hsa-miR-222-3p,0.6344302,-0.30608
hsa-miR-9-5p,0.64125007,-0.19105
hsa-miR-877-5p,0.64678108,-0.24584
hsa-miR-934,0.64811025,0.25227
hsa-miR-501-3p,0.6487898,-0.08948
hsa-miR-873-5p,0.65391688,0.26722
hsa-miR-190a-5p,0.654576,0.32583
hsa-miR-153-3p,0.65686703,-0.26638
hsa-miR-548a-3p,0.65814526,0.1923
hsa-miR-371a-5p,0.65840579,0.40428
hsa-miR-603,0.65924783,0.16678
hsa-miR-941,0.65984345,-0.36825
hsa-miR-1-3p,0.66121893,-0.30623
NEG_E,0.66370682,0.21949
hsa-miR-1260a,0.66586985,0.10639
hsa-miR-431-5p,0.66627111,-0.1814
hsa-miR-875-3p,0.66904132,-0.09429
hsa-miR-551a,0.66998482,0.20869
hsa-miR-320e,0.67180107,-0.19737
hsa-miR-411-5p,0.6725132,-0.24247
hsa-miR-548ad-3p,0.67307764,0.20296
hsa-miR-521,0.67461724,-0.15828
hsa-miR-490-3p,0.67770682,0.33202
hsa-miR-425-5p,0.68073374,0.12788
hsa-miR-675-5p,0.68225355,-0.33775
hsa-let-7i-5p,0.68236503,0.12729
hsa-miR-890,0.68572622,-0.15022
hsa-miR-499a-3p,0.68705347,-0.32583
hsa-miR-1972,0.6943732,-0.31087
hsa-miR-193b-3p,0.69513451,-0.08091
hsa-miR-3196,0.69803199,0.08481
NEG_A,0.70091887,0.06969
hsa-miR-889-3p,0.70277004,0.33656
hsa-miR-302b-3p,0.70399072,-0.23846
hsa-miR-1307-5p,0.70684284,-0.35326
hsa-miR-1260b,0.70802108,0.12915
hsa-miR-604,0.70930067,0.28448
hsa-miR-135b-5p,0.70946944,0.27743
hsa-miR-1236-3p,0.71001484,0.28799
hsa-miR-506-5p,0.71244604,0.10159
POS_E,0.7136183,0.11896
hsa-miR-7-5p,0.71411383,-0.24151
hsa-miR-92a-3p,0.71439059,-0.1973
hsa-miR-576-5p,0.71494563,-0.12219
hsa-miR-139-3p,0.7161246,0.30939
hsa-miR-568,0.71617979,-0.18696
NEG_D,0.7178597,0.34059
hsa-miR-218-5p,0.71968299,0.10881
hsa-miR-1180-3p,0.72167039,-0.13545
hsa-miR-625-5p,0.72200718,-0.23787
hsa-miR-5196-3p+hsa-miR-6732-3p,0.72448102,0.29792
hsa-miR-638,0.72451286,0.12896
hsa-miR-1205,0.72462597,0.25526
hsa-miR-671-5p,0.7263127,-0.24925
hsa-miR-519d-3p,0.72648457,-0.32581
hsa-miR-500a-5p+hsa-miR-501-5p,0.72857106,0.15981
hsa-miR-631,0.73031059,0.21128
hsa-miR-92a-1-5p,0.73042447,0.17046
osa-miR414,0.731844,0.08417
hsa-miR-526a+hsa-miR-518c-5p+hsa-miR-518d-5p,0.73319806,0.21319
hsa-miR-596,0.73713684,-0.06962
hsa-miR-30a-5p,0.73822443,0.19534
hsa-miR-147a,0.73862978,-0.29267
hsa-miR-503-5p,0.74031535,-0.28835
hsa-miR-128-1-5p,0.74172041,0.21667
hsa-miR-3605-5p,0.7418149,-0.08323
hsa-miR-891b,0.74206864,-0.14608
hsa-miR-410-3p,0.74325778,0.08884
hsa-miR-1203,0.74404074,0.28566
hsa-miR-1915-3p,0.74461551,0.12785
NEG_H,0.74651726,-0.04367
hsa-miR-614,0.74756226,0.10139
hsa-miR-1233-3p,0.74800264,-0.06075
hsa-miR-1250-5p,0.7484758,-0.26716
hsa-miR-1304-3p,0.75132509,-0.07217
hsa-miR-1307-3p,0.754096,0.2584
hsa-miR-101-3p,0.7560078,-0.23891
hsa-miR-484,0.75673638,-0.15356
hsa-miR-513c-5p,0.75793186,-0.16858
hsa-miR-548ak,0.75833044,0.18172
hsa-miR-655-3p,0.75916825,0.09906
hsa-miR-96-5p,0.75941754,0.2361
hsa-miR-1261,0.75964389,0.26224
hsa-miR-541-3p,0.76066135,0.2512
hsa-miR-1910-5p,0.76107399,-0.1264
hsa-miR-492,0.76145165,0.11075
hsa-miR-548e-5p,0.76559131,-0.11833
hsa-miR-99b-5p,0.7679903,0.17357
hsa-miR-190b,0.76854786,0.20346
hsa-miR-4755-5p,0.76855025,-0.25583
hsa-miR-1323,0.76888455,-0.14253
hsa-miR-4485-3p,0.77080813,-0.16968
hsa-miR-5196-5p,0.77191647,0.24019
hsa-miR-4532,0.77513723,0.07921
hsa-miR-21-5p,0.77515147,0.10214
hsa-miR-4707-5p,0.77559071,0.12934
hsa-miR-1270,0.77569132,-0.0736
hsa-miR-551b-3p,0.77582814,-0.17249
hsa-miR-1291,0.77733262,0.11992
hsa-miR-1276,0.77758273,0.10601
hsa-miR-382-5p,0.7794264,-0.2213
hsa-miR-548q,0.78137914,0.14166
hsa-miR-451a,0.78149637,0.14849
hsa-miR-3613-3p,0.78577098,0.1234
POS_B,0.78745351,0.04427
hsa-miR-595,0.78880957,-0.22919
hsa-miR-486-3p,0.78912742,0.0914
hsa-miR-590-5p,0.7895368,0.10346
hsa-miR-188-5p,0.78959595,-0.2349
hsa-miR-25-3p,0.79164031,0.16094
hsa-miR-449c-5p,0.79542076,0.23077
hsa-miR-1244,0.79560411,-0.12049
hsa-miR-519e-3p,0.79794854,0.10657
hsa-miR-4787-5p,0.80208919,0.23137
hsa-miR-512-5p,0.80259745,-0.09975
hsa-let-7a-5p,0.80575386,-0.05224
hsa-miR-194-5p,0.80694095,-0.1139
hsa-miR-214-3p,0.80746377,-0.19223
hsa-miR-1289,0.80790337,-0.18803
hsa-miR-139-5p,0.80799951,-0.18249
hsa-miR-504-3p,0.80807858,-0.09244
hsa-miR-3144-5p,0.80842131,-0.20625
hsa-miR-1293,0.81536987,-0.18328
hsa-miR-513a-5p,0.817336,0.19149
hsa-miR-133b,0.81773921,-0.05002
hsa-miR-3614-3p,0.81773921,-0.05002
hsa-miR-148a-3p,0.81783085,0.07459
hsa-miR-4284,0.81983569,-0.07634
hsa-miR-873-3p,0.82150921,0.15043
hsa-miR-3190-3p,0.8217876,0.06712
hsa-miR-32-5p,0.82211116,-0.12077
hsa-miR-6724-5p,0.82314236,0.20409
hsa-miR-302c-3p,0.82314656,0.20418
hsa-miR-376a-2-5p,0.82333515,0.16874
hsa-miR-335-5p,0.82807405,-0.08407
hsa-miR-1273c,0.82956754,-0.16532
hsa-miR-34a-5p,0.83093236,0.11599
hsa-miR-380-3p,0.83189752,0.16234
hsa-miR-320a,0.83566638,0.15456
hsa-miR-374a-3p,0.8358015,-0.18783
hsa-miR-132-3p,0.83591022,-0.04332
hsa-miR-518e-3p,0.83594135,-0.09892
hsa-let-7c-5p,0.83745047,-0.13926
hsa-miR-509-3-5p,0.84029768,-0.17898
hsa-miR-5010-3p,0.84183368,-0.05697
hsa-miR-1279,0.84308728,0.15457
hsa-miR-548ah-5p,0.84919884,0.05274
hsa-miR-520c-3p,0.85107215,-0.14158
hsa-miR-136-5p,0.85305266,-0.11055
hsa-miR-2053,0.85481397,0.15686
hsa-miR-130b-3p,0.85512275,0.07773
POS_C,0.85612629,0.02887
hsa-miR-516a-3p+hsa-miR-516b-3p,0.85633542,0.15207
hsa-miR-339-3p,0.85649792,-0.13346
hsa-miR-660-3p,0.85704417,-0.07968
hsa-miR-564,0.86009426,-0.15297
hsa-miR-1537-3p,0.86014099,0.08191
hsa-miR-488-3p,0.86029555,-0.17002
hsa-miR-381-3p,0.86225396,0.14055
hsa-miR-205-5p,0.86305367,-0.03896
hsa-miR-555,0.86361244,-0.14511
hsa-miR-423-3p,0.86361349,0.14667
hsa-miR-339-5p,0.86471164,-0.13516
hsa-miR-548b-3p,0.86491012,-0.12637
hsa-miR-378c,0.86796403,-0.05882
hsa-miR-1295a,0.86857508,-0.10559
hsa-miR-760,0.86946256,0.04569
hsa-miR-450a-5p,0.87037307,0.12709
hsa-miR-454-3p,0.87494812,-0.07944
hsa-miR-489-3p,0.87503894,-0.11806
hsa-miR-99a-5p,0.87621978,-0.04975
hsa-miR-660-5p,0.87707511,0.08397
hsa-miR-217,0.87759259,-0.14209
hsa-miR-375,0.87848001,-0.03606
hsa-miR-640,0.8816729,-0.1214
hsa-miR-433-5p,0.88273468,0.12177
hsa-miR-371b-5p,0.88446531,-0.12965
hsa-miR-376c-3p,0.88751885,0.08426
hsa-miR-140-3p,0.88774091,0.13097
ACTB,0.88779052,-0.07075
hsa-miR-148b-3p,0.88895645,0.06585
hsa-miR-552-3p,0.88937931,-0.06183
hsa-miR-103a-3p,0.8909435,-0.12073
B2M,0.89403171,0.1194
hsa-miR-520h,0.89444486,0.04305
hsa-miR-210-5p,0.89446674,0.04862
hsa-miR-1202,0.89506255,-0.10605
hsa-miR-485-5p,0.89667122,0.03591
hsa-miR-518c-3p,0.89748437,0.06678
hsa-miR-329-3p,0.89772435,-0.04548
hsa-miR-591,0.89866952,-0.10988
hsa-miR-28-5p,0.89876948,0.04401
hsa-miR-107,0.89973708,-0.06092
hsa-miR-4451,0.90091317,0.10936
hsa-miR-1224-5p,0.90092827,-0.03966
hsa-miR-548j-5p,0.90293991,-0.02957
hsa-miR-576-3p,0.90379999,-0.02813
hsa-miR-6511a-3p,0.90379999,-0.02813
hsa-miR-1305,0.90383027,-0.08378
hsa-miR-181c-5p,0.90394758,-0.03016
hsa-miR-1183,0.90601913,-0.06549
hsa-miR-4421,0.90844063,-0.0477
hsa-miR-885-3p,0.91005433,0.061
hsa-miR-190a-3p,0.91112345,0.09971
hsa-miR-502-3p,0.91366736,-0.02375
RPL19,0.91376918,0.03073
hsa-miR-1258,0.91549793,-0.08787
hsa-miR-30a-3p,0.91550175,0.02314
hsa-miR-331-3p,0.91673349,-0.03767
hsa-miR-491-5p,0.91743201,-0.03388
hsa-miR-561-5p,0.92107295,0.09189
hsa-miR-935,0.92159864,-0.02322
hsa-miR-3195,0.92425515,0.02547
hsa-miR-31-5p,0.92493573,0.03665
hsa-miR-548i,0.92555654,-0.07125
POS_F,0.9260275,-0.03255
hsa-miR-409-5p,0.92606354,0.02366
hsa-miR-584-5p,0.92767376,-0.06004
hsa-miR-548aa+hsa-miR-548t-3p,0.93039415,0.06517
hsa-miR-3934-5p,0.93139302,0.07054
hsa-miR-628-3p,0.93571391,-0.05083
hsa-miR-330-3p,0.93625039,0.01766
hsa-miR-1287-5p,0.9376658,0.05393
hsa-miR-499b-5p,0.93953909,-0.06219
cel-miR-254,0.94132435,-0.05247
hsa-miR-518d-3p,0.94343202,0.01903
hsa-miR-92b-3p,0.94362754,-0.05039
hsa-miR-587,0.94719962,-0.02324
hsa-miR-216a-5p,0.94723278,0.05315
hsa-miR-200b-3p,0.94775504,-0.02518
hsa-miR-644a,0.94940404,-0.03753
hsa-miR-367-3p,0.950563,-0.02474
hsa-miR-195-5p,0.95079312,0.04002
hsa-miR-520d-3p,0.95231535,0.04267
hsa-miR-770-5p,0.95236204,0.04407
hsa-miR-200a-3p,0.95347364,-0.02709
hsa-miR-3615,0.95428994,-0.02605
hsa-miR-1268a,0.95490057,0.04774
hsa-miR-502-5p,0.95625295,-0.04875
hsa-miR-514a-3p,0.95960775,0.01923
hsa-miR-378g,0.96085441,-0.02495
hsa-miR-548ai+hsa-miR-570-5p,0.9610589,0.0402
hsa-miR-1269a,0.96265321,0.0291
hsa-let-7f-5p,0.96450305,-0.02635
hsa-miR-2117,0.96562843,-0.02729
hsa-miR-548d-3p,0.96635249,-0.02937
hsa-miR-4531,0.96707855,-0.0104
hsa-miR-219a-2-3p,0.96745239,0.02451
hsa-miR-200c-3p,0.96771305,0.02933
hsa-miR-654-3p,0.97108696,-0.01552
hsa-miR-3182,0.9727647,0.03098
hsa-miR-654-5p,0.97495733,0.01835
POS_A,0.97505699,0.00642
hsa-miR-599,0.9797289,-0.00628
hsa-miR-517c-3p+hsa-miR-519a-3p,0.98120702,-0.0125
hsa-miR-365b-5p,0.98133297,-0.00579
hsa-miR-301a-3p,0.98247027,0.0082
hsa-miR-548ar-5p,0.98262694,-0.01964
hsa-miR-18a-5p,0.984415,0.01047
hsa-miR-509-3p,0.98449787,0.0154
hsa-miR-761,0.98632634,-0.00989
hsa-miR-34c-3p,0.98646306,0.01296
hsa-miR-483-3p,0.99026992,0.01013
hsa-miR-3130-3p,0.99118844,0.0028
hsa-miR-887-3p,0.99118844,0.0028
hsa-miR-487a-3p,0.99307196,0.00465
hsa-miR-592,0.99333212,-0.00796
hsa-miR-4521,0.99406166,-0.00187
hsa-miR-128-2-5p,0.99454498,0.00184
hsa-miR-506-3p,0.99500412,-0.00344
hsa-miR-1304-5p,0.99522282,-0.00502
hsa-miR-1285-3p,0.99610723,0.00341
hsa-miR-888-5p,0.99611802,0.00263
hsa-miR-1266-5p,0.99867051,0.00141
NEG_B,1,0
